DPTO.;LOCALIDAD;"HOSPITAL
Decreto N° 2524/18";TIPOLOGÍA;NIVEL;CP;TELÉFONO HOSPITAL;DIRECCIÓN
Paraná;Paraná;San Martín;ESCI G (GENERAL);EL III SUBNIVE;3100;0343- 4233707-4235877;Presidente Perón Nº 450
;Paraná;"Materno Infantil San
Roque";ESCIEMI (MATERNO INFANTIL);NIVEL III SUBNIVEL B;3100;"0343-4230460 / 4219611 / 4217366
(fax)";La Paz Nº 435
;Paraná;"Escuela de Salud
Mental";ESCIESM (SALUD MENTAL);*;3100;0343- 4331817/ 4331598 (fax);Ambrosetti y Rondeau
;Paraná;"Dr. Pascual Palma
(Geriátrico)";ESCIETE (TERCERA EDAD);*;3100;0343-4241999/4246469;Don Bosco Nº 281
;;;;;;;
Paraná Campaña;Viale;Dr. Castilla Mira;ESCI G (GENERAL);"NIVEL Y
SUBNIVEL B";3109;0343-4920057/4920469;Rawson Nº 300
;Seguí;Dr. Joseph Lister;ESCI G (GENERAL);EL Y SUBNIVE;3117;0343-4880384;Mariano Moreno Nº 444
;Cerrito;"Dr. José María
Miranda";ESCI G (GENERAL);NIVEL Y SUBNIVEL B;3122;0343-4890133;Libertad Nº 414
;Crespo;San Francisco de Asís;ESCI G (GENERAL);NIVEL II SUBNIVEL A;3116;0343-4951035 / 4953447;América Nº 1650
;Pueblo Brugo;"Libertador Gral. San
Martín ( Hogar de ancianos)";ESCIETE (TERCERA EDAD);*;3126;0343-4993022;Corrientes S/Nº
;Hernandarias;"Vecinal José de San
Martín";ESCI G (GENERAL);NIVEL Y SUBNIVEL B;3127;0343-4960225/4960115 (fax);Diamante Nº 334
;María Grande;"Dr. Francisco
Castaldo";ESCI G (GENERAL);NIVEL Y SUBNIVEL B;3133;0343-4940039;Sarmiento Nº 745
;Hasenkamp;Dr. Brage Villar;ESCI G (GENERAL);"NIVEL Y
SUBNIVEL B";3134;0343-4930073/4930821;Brage Villar Nº 560
;;;;;;;
Uruguay;Concepción Del Uruguay;Justo José de Urquiza;ESCI G (GENERAL);NIVEL III SUBNIVEL A;3260;03442 44-3900;"Bv. Dr. Uncal S/Nº y vías del
ferrocarril"
;Basavilbaso;"Sagrado Corazón de
Jesús";ESCI G (GENERAL);NIVEL II SUBNIVEL A;3170;03445-482086 / 481281 / 481395;Entre Ríos Nº 210
;Las Moscas;Coronel Pringles;ESCI G (GENERAL);"NIVEL Y
SUBNIVEL A";3244;03455-499810;Las Moscas S/Nº
;Santa Anita;"Reverendo Padre
Becher";ESCI G (GENERAL);NIVEL Y SUBNIVEL A;3248;03445-497050;Monseñor Boxler Nº 434
;Villa Mantero;Andrés Zaninetti;ESCI G (GENERAL);"NIVEL Y
SUBNIVEL A";3272;03445-494040;Juan Miguel Sero Nº 744
;;;;;;;
Feliciano;Feliciano;"Gral. Francisco
Ramírez";ESCI G (GENERAL);NIVEL II SUBNIVEL A;3187;03458-420444 / 420612;San Martin 676
;;;;;;;
Gualeguayc hú;Gualeguaychú;Centenario;ESCI G (GENERAL);NIVEL III SUBNIVEL A;2820;"03446-433669/434594 int 1033 /
427831/431920";Pasteur Nº 50
;Gilbert;Santa María;ESCI G (GENERAL);"NIVEL Y
SUBNIVEL A";2828;03446-496010//433250;Av. San Martin S/Nº
;Larroque;San Isidro Labrador;ESCI G (GENERAL);"NIVEL Y
SUBNIVEL B";2854;03446-460265 / 460999 (adm-fax);Antártida Argentina Nº 250
;Faustino M. Parera;Güemes;ESCI G (GENERAL);NIVEL Y SUBNIVEL A;2824;03446-696103;Calle Publica S/Nº a 2 cuadras de Ruta Nº 51
;Urdinarrain;Manuel Belgrano;ESCI G (GENERAL);"NIVEL Y
SUBNIVEL B";2826;03446-480030 / 480430;12 de Octubre S/Nº
;;;;;;;
Concordia;Concordia;"Delicia Concepción
Masvernat";ESCI G (GENERAL);NIVEL III SUBNIVEL B;3200;0345-4251135/4252637 (fax);"Monseñor Tavela y 11 de
Noviembre"
;Concordia;Felipe Heras;ESCI G (GENERAL);"NIVEL II
SUBNIVEL A";3200;0345-4212580/4213600 (fax);Entre Ríos Nº 135
;;;;;;;
La Paz;Alcaraz;Ecuador;ESCI G (GENERAL);"NIVEL Y
SUBNIVEL A";3138;03438- 494034;9 de Julio Nº 611
;Bovril;San Miguel;ESCI G (GENERAL);"NIVEL Y
SUBNIVEL B";3142;03438-421171/421361;Dr. Faustino García Nº 100
;La Paz;9 de Julio;ESCI G (GENERAL);"NIVEL II
SUBNIVEL B";3190;03437-422308;Avenida Artigas S/Nº
;San Gustavo;Gregoria Pérez;ESCI G (GENERAL);"NIVEL Y
SUBNIVEL A";3191;03437-422970;Concordia y San Luis
;Santa Elena;Regional Santa Elena;ESCI G (GENERAL);NIVEL II SUBNIVEL A;3192;03437-481115/481866 (fax);Córdoba y Eva Perón Nº 1003
;Santa Elena;Centro Pediátrico Santa Elena;ESCIEP (PEDIÁTRICA);"NIVEL II
SUBNIVEL A ESPECIAL";3192;03437-481500;Presidente Peron y Parana
;;;;;;;
Colón;Arroyo Barú;Chacabuco;ESCI G (GENERAL);"NIVEL Y
SUBNIVEL A";3269;03447-496020/496019;M. Segal S/Nº
;Colón;San Benjamín;ESCI G (GENERAL);"NIVEL II SUBNIVEL B-
UTI";3280;03447-421444/421404/420309 (fax);Esteva Berga Nº 270
;Villa San José;San José;ESCI G (GENERAL);"NIVEL Y
SUBNIVEL B";3283;03447-470019/470894;Cettour Nº 1274
;Villa Elisa;"San Roque María
Aguer de Francou";ESCI G (GENERAL);NIVEL Y SUBNIVEL B;3265;03447-480030/ 488808;Av. Mitre Nº 2039
;;;;;;;
Diamante;Colonia Ensayo;Dr. Enrique Fidanza;ESCIETE (TERCERA EDAD);*;3101;"0343-4978710/8711/8712 Servicio
Social: int 115";A 7 Km de Ruta Nº 11
;Diamante;"Colonia de Salud
Mental";ESCIESM (SALUD MENTAL);*;3105;"0343-4981999/ 4981586/ 4981566
(fax)";Echagüe y Noailles
;Diamante;San José;ESCI G (GENERAL);"NIVEL II
SUBNIVEL A";3105;0343-4981300/4982534;Pedro Serrano Nº 325
;General Ramírez;"Nuestra Señora de
Luján";ESCI G (GENERAL);NIVEL II SUBNIVEL A;3164;0343-4901060 / 4903438 / 4903439;Colón Nº 152
;;;;;;;
Federación;Chajarí;Santa Rosa;ESCI G (GENERAL);"NIVEL II
SUBNIVEL B";3228;03456-421080;Dr. Planas Nº 2285
;Federación;San José;ESCI G (GENERAL);"NIVEL II
SUBNIVEL A";3206;03456-481111/481290/481231 (fax);D’Ángelo Nº 35
;San Jaime de la Frontera;San Vicente;ESCI G (GENERAL);NIVEL Y SUBNIVEL A;3185;03458-480115;Almirante Brown Nº 180
;;;;;;;
Federal;Federal;Colonia Dr. Raúl Caminos (Psiquiátrico);ESCIESM (SALUD MENTAL);*;3180;03454-427009/ 427200/203;Gral Donovan S/Nº o Ruta Provincial Nº 5
;Federal;Justo José de Urquiza;ESCI G (GENERAL);NIVEL II SUBNIVEL A;3180;03454-421792/421791/421794 (fax);Hipólito Yrigoyen y Corateral Almada
;Sauce de Luna;Crispín Velásquez;ESCI G (GENERAL);"NIVEL Y
SUBNIVEL A";3144;03438-491233;Av. Pancho Ramírez S/Nº
;;;;;;;
Gualeguay;Galarza;Perú;ESCI G (GENERAL);"NIVEL Y
SUBNIVEL A";2843;03444-481040;Dr. Echazarreta Nº 81
;Gualeguay;San Antonio;ESCI G (GENERAL);"NIVEL II SUBNIVEL B-
UTI";2840;"03444-423112/429670/429669
427405(fax)";Av. Soberanía Nº 179
;;;;;;;
Tala;Maciá;Vecinal Falucho;ESCI G (GENERAL);"NIVEL Y
SUBNIVEL B";3177;03445-461234;Nessa Boeri Nº 555
;Mansilla;"Nuestra Señora del
Carmen";ESCI G (GENERAL);NIVEL Y SUBNIVEL A;2845;03445-493122;Dr. Salas Nº 201
;Rosario del Tala;"Dr. Luis A. Ellerman
(Psiquiátrico)";ESCIESM (SALUD MENTAL);*;3174;03445-421869/421589 (fax);9 de Julio y Av. San Martín
;Rosario del Tala;San Roque;ESCI G (GENERAL);"NIVEL II
SUBNIVEL A";3174;03445-422033/421176/421650;Dr. E. Rozados Nº 475
;;;;;;;
San Salvador;General Campos;"María Eva Duarte de
Perón";ESCI G (GENERAL);NIVEL Y SUBNIVEL A;3216;0345-4901340;Batalla de Cepeda Nº 526
;San Salvador;San Miguel;ESCI G (GENERAL);"NIVEL II
SUBNIVEL A";3218;0345-4910403 / 4910888 (fax);Tulio Gonzalez Nº 136
;;;;;;;
Victoria;Victoria;"Dr. Domingo Cúneo
(Geriátrico)";ESCIETE (TERCERA EDAD);*;3153;03436-421648;Bv. Moreno Nº 356
;Victoria;Dr. Fermín Salaberry;ESCI G (GENERAL);"NIVEL II
SUBNIVEL B";3153;03436-421563/422415/423200 (fax);Basualdo Nº 349
;;;;;;;
;Villa Clara;General San Martín;ESCI G (GENERAL);"NIVEL Y
SUBNIVEL A";3252;03455-491094;Soberanía Nº 436
;Villa Domínguez;Dr. Noé Yarcho;ESCI G (GENERAL);"NIVEL Y
SUBNIVEL A";3246;03455-492013;Yarcho S/Nº
Villaguay;Villaguay;"Hogar de Ancianos
Isidoro Redruello";ESCIENTE (TERCERA EDAD);*;3240;03455-421452;H. Yrigoyen Nº 101
;Villaguay;"Centro Provincial de
Rehabilitación";ESCIE (Internación Especializada);*;3240;03455-426060 / 421311 INT. 207;San Martín Nº 1867
;Villaguay;Santa Rosa;ESCI G (GENERAL);NIVEL II SUBNIVEL B;3240;03455-421581/427072/421311 422652;San Martín Nº 1867
;;;;;;;
Nogoyá;Lucas González;Santa Rosa;ESCI G (GENERAL);"NIVEL Y
SUBNIVEL B";3158;03435-480053/480850;Islas Malvinas S/Nº
;Nogoyá;San Blas;ESCI G (GENERAL);NIVEL II SUBNIVEL A;3150;03435-421678/424445/424600 421004;Mendoza S/Nº
;;;;;;;
Islas del Ibicuy;Ceibas;Eva Duarte;ESCI G (GENERAL);NIVEL Y SUBNIVEL A;2823;03446-492027;"Colector Juan Meyer S/Nº
entre Ruta Nº 12 y 14"
;Estacion Holt;Behring;ESCI G (GENERAL);"NIVEL Y
SUBNIVEL A";2846;03446 49-8333;Dr. Solsona S/Nº
;Villa Paranacito;Paranacito;ESCI G (GENERAL);"NIVEL Y
SUBNIVEL A";2823;03446 49-5117;Av. La Tinta S/Nº
