,,,,,,,
NIVEL,CENTROS DE SALUD,LOCALIDAD,DIRECCION,TELEFONO,CP,REGIÓN,DEPARTAMENTO
1B Subn 2,Ambrosetti,San Jose - B° El Brillante,BELISARIO ROLDAN S/N,03447-494018 / 3447 455682,3283,III,Colón
C,Dr Augusto Gaillart,Pueblo Liebig,17 DE MAYO 649,03447- 492118,3281,III,Colón
1B Subn 2,Dr Diego Paroisien,Ubajay,PASAJE PEREGRINOS 90/ M pescador 51,0345 -4905075,,III,Colón
C,Dr Hipólito Irigoyen,Colón,LANTELME S/N. ENTRE 12 DE ABRIL Y SAN MARTIN,03447 - 15510250,3280,III,Colón
C,Dioliria Joannas,La Clarita,CENTENARIO S/N,03447 - 493189,3269,III,Colón
D,Pueblo Cazez,Pueblo Cazez,AL LADO DE COMISARIA- FRENTE  ESC.,03442- 461297,3269,III,Colón
1B Subn 2,Rebord,Colón,SANGUINETTI Y GAILLARD,,3280,III,Colón
1B Subn 2,Medalla Milagrosa,Colón,L  GONZALEZ 306,03447-421388,3280,III,Colón
D,Maria del Carmen Martin,Humaitá,Aº CONCEPCION,0345-4994008,3287,III,Colón
1B Subn 2,Colonia Ayui,Colonia Ayuí,AVENIDA PROSPERO BOVINO S/N,0345 - 4992140,3201,II,Concordia
C,Brasil,Pedernal,B° ROCAMORA,0345-4966614,3200,II,Concordia
D,Clodomiro Ledesma,Estación Ledesma,B° POMPEYA- 400 MTS ESC. Nº 24,0345-4311081,3200,II,Concordia
1A,Constitución,Concordia,2 DE ABRIL 2029,0345- 4271147,3200,II,Concordia
C,Don Alfredo Derudder,Puerto Yeruá,AVENIDA GENERAL ROCA S/N,0345-4991224 ,3201,II,Concordia
C,Dr Carlos A Carrazoni,Nueva Escocia,B° SANTA RITA- A 500 MTS. DE LA POLICIA,0345- 4056884 ,3207,II,Concordia
D,Emma de Schurlein,Estación Yeruá,ESTACION YERUÁ,345 4909715/0345,3214,II,Concordia
1 Subn 1,La Bianca,Concordia,H. IRIGOYEN Y C. GONZALEZ/ 29 de Abril 2029,0345-4251188,3200,II,Concordia
1B Subn 2,Dr.José R. Larroca,Los Charruas,JUAN JOSE PASO 366,0345-4907048 ,3212,II,Concordia
1 Subn 1,Martina de Caminal,Concordia,PELEGRINI 780,345-4225137 ,3200,II,Concordia
C,Ofelia Tabares,Calabacillas,CALABACILLAS A 1/2 CUADRA Munic,0345- 154104927 ADM,3207,II,Concordia
C,San José,Estancia Grande,30 KM. HOSP. CARRILLO,,3201,II,Concordia
1B Subn 2,Dr. Marcelo Marelli,La Criolla,RIO NEGRO S/N,0345-4900094,3212,II,Concordia
C,Guillermo Von Wernich,Est. Yuquerí,RUTA 22 KM.4 1/2,0345-499201 ,3214,II,Concordia
nivel 1A,C RR Ramon Carrillo,Ciudad,ISTHILART,0345-4223452,,II,Concordia
C,Ilia,Colonia Roca,RUTA 4KM 8 A 500 MTS C/RUTA NAC 14,0345-154164076,3201,II,Concordia
D,Dr.René Favaloro,Aldea Protestante,RUTA 11 A 22 KM.,0343- 5300494,3101,I,Diamante
C,Gob. Dr. Raúl Uranga,Aldea Brasilera,PTE NICOLAS AVELLANEDA y ENTRE RIOS S/N,0343- 4853999,3101,I,Diamante
1 Subn 1,Eva Perón,Strobel,CALLE PARANA,03446- 4984866,3101,I,Diamante
D,Evita,Racedo,CALLE URQUIZA S/N,03446- 4876057,3114,I,Diamante
D,Colonia Grapchental,(Col.Grapch.),MORENO S/N,,3114,I,Diamante
D,San Lorenzo,Isletas,MIREZ - CALLE PUBLICA S/N,154254114,3164,I,Diamante
D,Maipú,A.Spantzenkuter,AVENIDA DE LOS INMIGRANTES,03446- 4999450 / 4703815,3101,I,Diamante
C,Ntra. Sra. de los Pobres,Las Cuevas,20 KM. HOSP. 25 DE MAYO. LAS CUEVAS,03446- 4984217,3101,I,Diamante
D,Paraguay,Las Cuevas,POR RUTA 11-KM. 70 AL LADO COMISARIA,,3101,I,Diamante
C,Puiggari,Puiggari,ENTRE SARMIENTO Y BUENOS AIRES,03446- 4911505,3103,I,Diamante
C,Dr.Esteban.Maradona,Aldea Salto,27 KM. HOSP. 25 DE MAYO,03446-4999294,3101,I,Diamante
1B Subn 2,Dr.Rubén Ghiggi,A Valle.María,EN LA JTA GO- 1º DE MAYO/Urquiza y Nicolás Avellaned,03446-4999710 / 4690657,3101,I,Diamante
D,Virgen del Rosario,P.Gral. Alvear,FRENTE A LA ESCUELA N° 80,03446-4869009,3101,I,Diamante
D,María Reina Inmaculada,Costa Grande,COSTA GRANDE,03446- 4861703 / 4161909,3105,I,Diamante
D,Virgen de los Milagros,Las Masitas,LAS MASITAS,,3105,I,Diamante
D,Cnia Alemana,Cnia Alemana,X RUTA 14 36 KM.,,3228,II,Federación
D,Cnia. La Argentina,Cnia.L Argentina,CHUBUT ENTRE OSINALDE Y LEGUIZAMON,,3206,II,Federación
C,Gregorio Pucheta,Conquistadores,URDAPILLETA 063,0345- 8494719,3183,II,Federación
D,San Pedro,Cnia San Pedro,JUJUY Y MINAGLIO,,3228,II,Federación
D,San Ramón,Cnia San Ramón,CATAMARCA S/N 1° CUARTEL,03456- 15433160/15495035,3229,II,Federación
C,Dr.Cecilio Lopez,Santa Ana,CARLOS OTAÑO S/N,03456-492970 / 492053,3208,II,Federación
D,Dr.Carlos M. Bellotti,Ensanche Sauce,12 DE OCTUBRE Y B. BELGRANO,,3208,II,Federación
D,Colombia,El Cimarrón,SMITH Y MOHR,,3180,II,Federal
C,Conscripto Bernardi,Cpto Bernardi,GENERAL PAZ S/N,03454-491741,3188,II,Federal
D,Francisco Ramirez,El Chañar,AL LADO  ESCUELA Nº 21. 4 KM COMISARIA,03454-15410177,3181,II,Federal
D,Loma Limpia (Banderas),Loma Limpia,35 KM. HOSP. JUSTO JOSE DE URQUIZA,03438- 15401977,3180,II,Federal
C,Ventura D. Crucet,Nueva Vizcaya,ROSA ECKER Y EVA PERON,03454 - 435944,3180,II,Federal
D,Santa Lucía,Santa Lucía,COLONIA N°15 - SANTA LUCIA,03454-15434667,3180,II,Federal
D,El Gramillal,El Gramillal,,,,II,Federal
D,Estacion el Cimarron,Est. El Cimarrón,X RUTA 127-33 KM.,03454 - 15430805 ENF GODOY LUIS,3180,II,Federal
D,Raimundo Ariosa,La Esmeralda,PARAJE LA ESMERALDA. Al lado de escuela 28,03458-420689 (ENF)/ 3458-461237,3187,II,Feliciano
D,La Hierra,La Hierra,RUTA PCIAL 1 KM 50 X CAMINO DE TIERRA,03458 -15453023,3187,II,Feliciano
D,Antonio Bitelli,La Bervena,2 KM. RUTA 21/30 HOSP. FCO RAMIREZ,03458- 450842,3187,II,Feliciano
D,Las Mulitas,Las Mulitas,RUTA 1-12 KM  RIPIO. AL LADO COMISARIA,3458-451240,3187,II,Feliciano
D,Ntra Sra del Lujan,Feliciano,CALLE TRATADO DEL PILAR – Bº ESTACION,3458-409479 ,3187,II,Feliciano
D,Matilde O. De Rossi,San Victor,B° ISLAS MALVINAS-DISTRITO MANANTIALES,3458-456111,3187,II,Feliciano
D,Sta. Teresita,Feliciano,CALLE SALTA S/N – Bº SANTA TERESITA,03458 - 420641,3187,II,Feliciano
D,Laguna Benitez,Atencio,ESCUELA Nº 8,3458- 451174,,II,Feliciano
C,Luis Maradey,Gualeguay,URQUIZA 1075,03444- 4230771,2840,IV,Gualeguay
1B Subn 2,17 de Octubre,Gualeguay,CONTINUACION 2 DE ABRIL - Bº 17 DE OCTUBRE,03444- 15465149 enf,2840,IV,Gualeguay
D,Horacio Etcheverry,Tres Bocas,6° DISTRITO,03444- 415357/ 03455-444946,2840,IV,Gualeguay
D,Dr. Horacio Marco,Aldea Asunción,POR RUTA 12,03444-412411,2810,IV,Gualeguay
D,Santa Teresita,Estación Lazo,CONGRESO - 40 KM. HS. SAN ANTONIO,03444- 3444 412411,2841,IV,Gualeguay
D,J.J. de Urquiza,Punta del Monte,GENERAL PAZ- 25 KM. HOSP. CENTENARIO,,2840,IV,Gualeguay
D,C. Mario Casa Grande,Gonzales Calderón,25 KM. HOSP. SAN ANTONIO - RUTA 157, 03444-417463,2840,IV,Gualeguay
D,Ruperto Gonzalez,El Pueblito,POR RUTA 11,03444- 15504475,2840,IV,Gualeguay
D,Dr. Carlos Rocca,Monte Redondo,80 KM. HOSP. SAN ANTONIO,3444-15509711 Enfermera,2840,IV,Gualeguay
C,San Antonio,A San Antonio,CALLE MUNIC.ALDEA AV.LOS INMIGRANTES 515,03446-497074,2826,IV,Gualeguaychú
1B Subn 2,Juan Jose Franco,Gualeguaychú,1° DE MAYO S/N,03446-424162,2820,IV,Gualeguaychú
D,Juana E Morel,Enrique Carbó,CALLE AMEZAGA 56,03444-493202,2852,IV,Gualeguaychú
D,Gral Almada,Gral Almada,38 KM. HOSP. CENTENARIO,,2824,IV,Gualeguaychú
D,Villa Eleonora,Irasusta,S ISIDRO LABRADOR- CALLE  17  FEBRERO,03446-15491532,2852,IV,Gualeguaychú
1B Subn 2,Carlos Artusi,Pueblo Belgrano,ENTRE RIOS Y GUAMUCCIO,03446- 499544,2821,IV,Gualeguaychú
1 Subn 1,Juan Baggio,V María  Gchú,GUEMES Y ESPAÑA,3446-434515,2820,IV,Gualeguaychú
D,Médanos,Médanos,RUTA 12 KM 187,03444-15532232 (ENF),2848,IV,Islas
,Arroyo Merlo,Arroyo Merlo,SOBRE RUTA 9,,2823,IV,Islas
D,Roman Hornos,Ñancay,15 KM  CEIBAS POR CAMINO DE TIERRA,3446 -15368476 ENF Veron,2823,IV,Islas
D,Carlos Loureiro,Brazo Largo,40 KM. HOSP.BEHERING-AUTOPISTA CEIBAS,03446- 495427,2823,IV,Islas
D,Rosa Mística,Estación Holt,C GIORGI S/N,03446- 15400234,2846,IV,Islas
"D,Mazaruca,Estación Holt / Mazaruca,""SOBRE RUTA 45, 22 KM. DESDE IBICUY"",,2846,IV,Islas"
D,Dr.Guillermo Brodsky,El Solar,ESTACION EL SOLAR,343-154692518,3137,I,La Paz
C,Teresa Schreiner,Piedras Blancas,TUYANGO Y DEL BENTEVEO,03438-495064,3129,I,La Paz
D,Tomas Morley,Tacuaras Yacaré,SOBRE RUTA 12 KM 627 A 20 KM PASO TELEGRAFO,03437-405085,3190,I,La Paz
D,Dr.Faustino García,Cnia.Avigdor,VELEZ SARFIELD Y CABRAL,3436466405 ENF NOEMI,3142,I,La Paz
D,Dr.Pablo Krausaz,Sir Leonard,RUTA 12- CONGRESO Y CHACABUCO,03438- 15607482,3142,I,La Paz
D,Atilio Caminiti,Yeso Oeste,POR RUTA 6- DESTACAMENTO DE POLICIA,03437-422470,3190,I,La Paz
D,Tacuaras Ombú,Tacuaras Ombú,IRIGOYEN Y YAPEYÚ,,3190,I,La Paz
D,Colonia Oficial 3 y 14,Colonia 3 y 14,CNIA OFICIAL 3 Y 14 - CASILLA CORREO 16,03437-15608033,3190,I,La Paz
D,San Ramirez,San Ramirez,RUTA 1 - EN RIPIO AL LADO ESC. 46,,3190,I,La Paz
D,San Lucas,Alcaráz Norte,RUTA 12 KM. 10,,3136,I,La Paz
D,Dr.Jorge Laurent,Pto.Algarrobo,AL LADO  ESCUELA ECLESTON,03437-499500/3437 445737,3138,I,La Paz
C,Belgrano,La Paz,OLEGARIO ANDRADE Y CABO PCIPAL VILA,03437- 424800,3190,I,La Paz
1B Subn 2,Pedro Saldivia,La Paz,ALVARADO 1160,03437-425267,3190,I,La Paz
D,Dr.Alfredo Albacetti,El Quebracho,RUTA 12-STA.ELENA-A 60KM.HOSP.S.ROSA,03437- 499226,3192,I,La Paz
D,Dr. Augusto Ramos,Paso Telegrafo,Z RURAL- PASO TELÉGRAFO,3437 - 514165 ENF. BETINA,3190,I,La Paz
D,Santa Rita,Alcaraz Sur,,3435-15406082,,I,La Paz
D,Eraldo Palma,Picada Berón,Z RURAL - PICADA BERÓN. / Hosp 9 Julio,343715456104/3437456104 Machuca,3190,I,La Paz
1B Subn 2,Martín Fierro,Hernandez,FLOMENO ALFARO Y CORRIENTES,03435-491024,3156,I,Nogoyá
D,Albert Schweitzer,Don Cristobal II,SOBERANIA,0343 - 4902808,3162,I,Nogoyá
D,Arturo Illia,Crucesita 3º,SAN MARTIN AL NORTE S/N,0341 -156158945,3151,I,Nogoyá
1B Subn 2,Dr.Laurencena,Aranguren,MANTARAS Y PRESIDENTE PERON,03436-498240,,I,Nogoyá
D,Justo José de Urquiza,Crucesita 7ª,BVARD SALDAÑA RETAMAR,03435 - 15406128 Albornoz,3109,I,Nogoyá
D,Far.Juan H. Ghiano,Est.Betbeder,SABURLIN Y ECHANIZ,,3156,I,Nogoyá
D,Serafin Guillani,Don Cristobal 1º,POR RUTA 13 A 18 KM.,03435-15461876 (ENF),2150,I,Nogoyá
D,Luisa Weber,Cucesita 8ª,CENTRO CÍVICO - JUNTA DE GOBIERNO,03445 - 15536613,3177,I,Nogoyá
D,Dr.Salvador Mazza,Febre,DISTRITO MONTOYA,03436- 15615545,3150,I,Nogoyá
D,D`Angelo,Crucesita 7º,RUTA 34 A METROS DE RUTA 33 DE RIPIO,03435-15411378 (ENF),3109,I,Nogoyá
D,Dr. Pedro Camet,20 septiembre20 septi,20 KM. HOSP. SANTA ROSA,03435-499120,3150,I,Nogoyá
D,Sauce-Madre Teresa,Distrito Sauce,35 KM. HOSP. SAN BLAS,,3158,I,Nogoyá
D,René Favaloro,Chiqueros,MANDAR CARTAS AL HOSP. SAN BLAS, 03435 - 480317,3158,I,Nogoyá
D,Aldea San Miguel,San Miguel,CASILLA SAN MIGUEL CRESPO,03437 -4907078,3116,I,Nogoyá
nivel 1A,Ramon Carrillo,Paraná,ITUZAINGO Y MONTIEL - B° SAN AGUSTIN,0343- 4270323 / 4301660,3100,I,Paraná ciudad
1 Subn 1,Dr.José Alcaín,Paraná,CONSTITUYENTES 70 - B° SAN ROQUE,0343- 4244006,3100,I,Paraná ciudad
1 Subn 1,Selig Goldin,Paraná,LAURENCENA 63 - B° P. NUEVO,0343- 4310676,3100,I,Paraná ciudad
1 Subn 1,Estanislao Zeballos,Paraná,ZEBALLOS 1059 - B° VILLA SARMIENTO,0343- 4246059,3100,I,Paraná ciudad
nivel 1A,Dr.Arturo  Oñativia,Paraná,AVENIDA ZANNI 1462 - B° CORRALES,0343- 4260426,3100,I,Paraná ciudad
1 Subn 1,Antartidas Argentinas,Paraná,BURMESTEIN Y RESERO,0343- 4372988,3100,I,Paraná ciudad
1 Subn 1,D`Angelo,Paraná,PALMA Y LOS CHANÁS - b| A. MEDINA,155289851,3100,I,Paraná ciudad
1 Subn 1,Pablo B Balbi,Paraná,PERU 460,0343- 4840371,3100,I,Paraná ciudad
1 Subn 1,Cecilia Grierson,Paraná,ZACARO Y GENDARMERIA NACIONAL-,0343- 4344322,3100,I,Paraná ciudad
1 Subn 1,Santa Lucia,Paraná,ALICIA MOREAU DE JUSTO-265 SANTA LUCIA,0343- 4350826,3100,I,Paraná ciudad
1 Subn 1,Osinalde,Paraná,OSINALDE Y NUX,0343- 5289984 / 155331470,3100,I,Paraná ciudad
1 Subn 1,Pagani,Paraná,J.M. PEREZ Y GASPAR BENAVENTO -,0343- 4246613,3100,I,Paraná ciudad
1 Subn 1,El Brette,Paraná,CORONA S/N - B° CONSEJO,0343- 4340598,3100,I,Paraná ciudad
1 Subn 1,Hermanas Catalinas,Paraná,ISLAS DEL IBICUY 30 - AATRA II,0343- 4330969,3100,I,Paraná ciudad
1 Subn 1,Belgrano,Paraná,PRONUNCIAMIENTO 751 - B° BELGRANO,0343- 4352913,3100,I,Paraná ciudad
1 Subn 1,Dr.Carlos Reynoso,Paraná,QUINQUELA MARTIN Y CELIA TORRA,0343- 4244002 / 4216159,3100,I,Paraná ciudad
1 Subn 1,Malvinas Argentinas,Paraná,PEÑALOZA Y PEATONAL C2 - PARANA XIV,0343- 4300030,3100,I,Paraná ciudad
1 Subn 1,Puerto Viejo,Paraná,ESTRADA Y CAMINO - B° PUERTO VIEJO,0343- 4219089,3100,I,Paraná ciudad
1 Subn 1,El Charrua,Paraná,LAS ROSAS 365 - B° LAS ROSAS/ MURGA Y SERI,0343- 4365440,3100,I,Paraná ciudad
1 Subn 1,Jorge Newery,Paraná,SALVADOR CAPUTO 2656. ESQUINA G TORREALDAY,0343- 4262564,3100,I,Paraná ciudad
1 Subn 1,Arturo Illia,Paraná,PROVINCIAS UNIDAS 345,0343- 4201823,3100,I,Paraná ciudad
1 Subn 1,Antonini,Paraná,CABO MONZÓN 3095,0343- 4350736,3100,I,Paraná ciudad
,Centro Huella,Paraná,MIGUEL GALVEZ 215,0343- 4206239,3100,I,Paraná ciudad
,S. Mental M de Giusto,Paraná,PARANA V. COCRANE y Tira 27,0343- 4340799,3100,I,Paraná ciudad
nivel 1A,CRR Domagk,Paraná,ESTRADA 3071,0343- 4397843 / 0343-4397923,3100,I,Paraná ciudad
,Centro de Salud Mental de la,Paraná,SALVADOR CAPUTO 2656. ESQUINA G TORREALDAY,0343- 4317601 / 4366464,3100,I,Paraná ciudad
,Dpto Clinica Escolar,Paraná,25 JUNIO Y SANTA FE,0343- 4310028,3100,I,Paraná ciudad
D,San José de Calazan,Maria Grande II,ESC.NAC.SAN JOSE CALASAN-,155028188,8256,I,Paraná campaña
D,Ricardo Palma,María Grande II,ESC. 128- RICARDO PALMA- RUTA 10,03446- 4862710,3133,I,Paraná campaña
C,Dr. German Rico,María Grande,CARLOS LOPEZ S/N,03446- 4940960,3133,I,Paraná campaña
1 Subn 1,Dr.Samuel Margasin,San Benito,AVENIDA SAN MARTIN 705,0343- 4973011,3107,I,Paraná campaña
D,Polonio Burgos,Las Tunas,RUTA 18 KM 81,,3111,I,Paraná campaña
C,Fontanetto,La Picada,RUTA 12-KM36,0343- 4994082,3118,I,Paraná campaña
D,Don Antonio Tardelli,Curtiembre,PUERTO CURTIEMBRE,0343- 4879750,3113,I,Paraná campaña
C,Venezuela,Estación Sosa,CALLE PRINCIPAL,0343 4972033,3133,I,Paraná campaña
D,Luis Etchevere,Etchevere,ALMIRANTE BROWN – Bº LAS DELICIAS 180,0343- 4860047,3114,I,Paraná campaña
1B Subn 2,Teniente 1º Ibañez,Villa Urquiza,LOS KLOCKER Y HEROES DE MALVINAS,0343- 4872049,3113,I,Paraná campaña
C,Dr. Juan J. Elberg,El Pingo,SAN LORENZO ESQUINA BUENOS AIRES,0343- 4871061,3132,I,Paraná campaña
D,Arturo Oñativia,Aldea Sta.María,LOS FUNDADORES 311,,3123,I,Paraná campaña
C,Tita Rosario Falcon,Tabosi,20 DE JUNIO 189,4970730/155198850 AD/ 155196940 E,311,I,Paraná campaña
1B Subn 2,Cristina leschman,A María Luisa,PTE PERON 210,0343- 4996036,3114,I,Paraná campaña
D,Dr.Anselmo Jacob,A San Rafael,55 KM. DE PARANA,,3116,I,Paraná campaña
D,Santa Luisa,C.Santa Luisa,15 KM. MARIA GRANDE,0343- 4296135,3133,I,Paraná campaña
D,Dr.Felman WaKsman,Las Garzas,12 KM. BRAGUE VILLAR,,3136,I,Paraná campaña
D,El Palenque,Est.El Palenque,PUEBLO SAN ROMULO CALLE 6 Y 30,,3118,I,Paraná campaña
1 Subn 1,Luis Gianoti,Oro Verde,LOS CHAÑARES 400,0343- 4975993,3101,I,Paraná campaña
1B Subn 2,Arturo Meroi,Sauce Montrull,RUTA 12 KM 20,0343- 4994200 / 4665714,3118,I,Paraná campaña
1 Subn 1,Colonia Avellaneda,Cnia.Avellaneda,TTE GIMENEZ Y MIGUEL YAÑEZ MARTINEZ,0343- 4858199,3107,I,Paraná campaña
D,Jacinto Giacinti,Villa Fontana,PRINCIPAL DEL PUEBLO - EX RUTA 131,0343- 4864005,3114,I,Paraná campaña
D,Tezanos Pintos,Tezanos Pintos,15 KM. DE PARANA - AL LADO JTA. GNO.,155120757,3114,I,Paraná campaña
D,Colonia Nueva,Colonia Nueva,DULCERIA 1°ENT DERECHA -RUTA V. URQ.,0343- 4994742,3118,I,Paraná campaña
D,Paso de las Piedras,Paso las Piedras,12 KM. ENTRADA AL PALENQUE - ESC.83,154617372 Enfermera,3118,I,Paraná campaña
D,Sabao,La Piragua,RUTA 8 ALTURA KM 40,0343- 4967070,3127,I,Paraná campaña
D,Don Basilio Galanti,Colonia Crespo,RUTA NAC 12 – KM 34 ½,0343- 4994262,3118,I,Paraná campaña
1B Subn 2,Pancho Ramirez,San Salvador,AVENIDA MALARIN Y CORSINI,0345- 910802 ,3218,II,San Salvador
C,Rosalía P. Vergara,Estación Sola,SAN MARTIN Y MALVINAS ARGENTINAS,03445 - 492097,3176,III,Tala
D,Onesimo Leguizamon,Altamirano Sur,SOLANO VERA 2 CUADRAS SARMIENTO,03445-421667,3174,III,Tala
D,Dr.Natalio Bendersky,Est.Duraznos,SAN LUIS E MARTIN FIERRO Y DARWIN,,0341-1568,III,Tala
D,Aniceto Galante,Sauce Sur,RUTA 15 AL SUR DE R. TALA 45 KM.,03445-15575853,2845,III,Tala
D,Sauce Norte,Sauce Norte,17 KM.NTRA.SRA.DEL CARMEN- RUTA 15,03445-15402443,3174,III,Tala
D,Coronel Dorrego,Gob.Echague,25 KM. NTRA. SEÑORA DEL CARMEN,03445-493088,2845,III,Tala
D,Dr.Ferro,Guardamonte,AVENIDA SOLANO VERA,,3177,III,Tala
D,Pancho Ramirez,Las Guachas,HORCO MOLLE,03445- 15575574,3174,III,Tala
D,Sagrado Corazon,Arroyo Clé,CALLE 29 Y 10 VILLA MARIANO MORENO,03445- 493088,2845,III,Tala
1B Subn 2,7 de Noviembre,R.del Tala,AV LIBERTAD 502 Y 7 DE NOVIEMBRE,03445-421600,3174,III,Tala
1 Subn 1,Bajada Grande,C.del Uruguay,ALBERDI 2069,03442 - 441450,3260,III,Uruguay
C,La Delfina,Colonia Elias,CALLE 10,03442 - 15649998,3261,III,Uruguay
D,3 de Febrero,Villa San Marcial,CALLE PUBLICA S/N,03445- 15475990,3248,III,Uruguay
D,Daniel Elias,Líbaros,RUTA 20 - 11 KM. DESDE BASAVILBASO,,3244,III,Uruguay
C,Tomas de Rocamora,Est.Herrera,ALDO PAPA 717,03442 - 494444,3272,III,Uruguay
C,Las Montoneras,Pronunciamiento,GERÓNIMO LEMOS S/N,03442 - 496555,3263,III,Uruguay
D,Victor monzalvo,1 de Mayo,PASCUAL VELZI 2118,03442- 420621 ,3263,III,Uruguay
C,Alicia M.de Justo,Villa San Justo,9 DE JULIO 222,03442 - 495170 ,3262,III,Uruguay
D,Dr.Mateo Zelich,San Cipriano,P ROQUE CORREA E ISABEL LA CATOLICA,03442-666003 ,3263,III,Uruguay
C,B° Pueblo Nuevo,Basavilbaso,SUEYRO 525,03445- 482676,3170,III,Uruguay
C,Caseros,Caseros,CALLE 21 Nº 644,03442- 4922555 / 03442- 92249,3262,III,Uruguay
D,Madre Teresa de Calcuta,Est. Rocamora,PANCHO RAMIREZ,03445-491273,3172,III,Uruguay
1 Subn 1,Giacomotti,Uruguay,URQUIZA 950,03442- 422464 /450180,3260,III,Uruguay
D,Alejandro Fleming,Rincon  Nogoyá,PUERTO ESQUINA,03436- 4922003 / 3436- 455211,3155,I,Victoria
D,Juan C. Manassero,Rincon del Doll,RUTA 11 KM. 85 – R DOLL 11 KM. ADENTRO,,3153,I,Victoria
D,Elena de Zabiski,Antelo,HOSP.SALABERRY-X R 26 A 18 KM.VICTORIA,0341-155664569,3151,I,Victoria
D,Isla Charigué,Isla Charigué,PARAGUAY 1426 - 6º 4,0341-156656146,2100,I,Victoria
D,Dr.Carlos Vivanco,Chilcas,44 KM. HOSP. SALABERRY,03436- 4315438,3153,I,Victoria
D,Sidney Rees,Escuela esc 11,Pje los Cerros. Acceso tierra 43 km Salaberry,03436-15610266 Enfermera,,I,Victoria
D,Laguna del Pescado,Laguna Pescado,SOBRE RUTA 11,03436- 15638108,,I,Victoria
D,Dr.Carlos M.Tófalo,Lucas Norte,RUTA20,03455-422782 ,3241,II,Villaguay
D,Dr.Antonio P.Vuoto,Est.Raices,RUTA 18 - KM.125,03455-421379 ,3241,II,Villaguay
D,Dr.Mario J.Torres,Ing.Sajaroff,25 KM. HOSP. SANTA ROSA,03455 -495382 ,3246,II,Villaguay
D,Deluchi,Raices,POR RUTA 18 KM.32,03455 - 15465587,3241,II,Villaguay
D,Tulio Gonzalez,Jubileo,AVENIDA LINARES CARDOZO,3455- 430340 /3455 448162,3254,II,Villaguay
D,Dr.Pedro Solari,Mojones Norte,CALLE PRINCIPAL,03455-15404161,3241,II,Villaguay
D,El Chajarí,Paraje El Chajarí,25 KM. HOSP. SAN MIGUEL,03455 - 15510906,3241,II,Villaguay
D,Don Laureano Villanueva,Laguna Larga,17 KM DE RUTA PCIAL 20 X RUTA 38,03455-15416736,3241,II,Villaguay
D,Dr.Hector Enr. Torra,Paso de  Laguna,RUTA 18 KM.14 A 200 MTS RUTA 18 KM 137,03455-15432363 / 3455 15529450 enf,3241,II,Villaguay
D,Mojones Sur-San Camilo,Mojones Sur,HOSP.STA ROSA-RUTA 6 KM desde P Laguna,03455 -15447483,3240,II,Villaguay
D,El Pairirí,Lucas Norte,J.H.QUIROZ-AVENIDA COSTANERA Y ALEM,03438-15404102,3240,II,Villaguay
D,Carlos Fuertes,Cantina Bonaldo,CANTINA BONALDO,03455-15432005 PABLO VELAZQUEZ,3240,II,Villaguay
