registro,jurisdiccion,tipo,autoridad,url,estado,uso
Estado de rutas,Nacional,caminos/cortes,Vialidad Nacional,https://www.argentina.gob.ar/transporte/vialidad-nacional/estado-de-rutas,Fuente oficial conectable; vigencia se valida por fecha del reporte,Contrastar rutas nacionales y derivar cortes publicados
Vialidad provincial Santa Fe,Santa Fe,caminos/cortes,Dirección Provincial de Vialidad / APSV,https://www.santafe.gov.ar/index.php/web/content/view/full/239909,Portal oficial; no publica un feed uniforme de cortes en esta versión,Reconfirmar rutas provinciales y caminos rurales con la autoridad antes de circular
Vialidad provincial Corrientes,Corrientes,caminos/cortes,Dirección Provincial de Vialidad,https://vialidad.corrientes.gob.ar/,Portal oficial; estado operativo no descargable automáticamente,Reconfirmar transitabilidad y cortes con Vialidad/Defensa Civil
Vialidad provincial Entre Ríos,Entre Ríos,caminos/cortes,Dirección Provincial de Vialidad,https://www.dpver.gov.ar/,Portal oficial actualizado; no confirma el estado actual de cada tramo,Reconfirmar transitabilidad y cortes con Vialidad/Defensa Civil
Mapa de Recursos,Santa Fe,salud/refugios,Gobierno de Santa Fe,https://www.santafe.gob.ar/maparecursos/,Catálogo geográfico oficial; capacidad/guardia actual no publicada en el mapa,Ubicar efectores y recursos públicos georreferenciados
WFS IGN/SISA,Nacional,salud,IGN · SISA,https://wms.ign.gob.ar/geoserver/ows,"Catálogo oficial conectable; atención, guardia y stock no publicados","Catálogo geográfico de hospitales, CAPS y centros de salud"
Mapas hidrológicos IDESF,Santa Fe,drenaje/riesgo,IDESF · Gobierno de Santa Fe,https://www.santafe.gov.ar/idesf/,Fuente oficial conectable; no es estado vial en tiempo real,"Capas de cursos, canales, riesgo y apoyo a caminos rurales"
Centros de salud Entre Ríos,Entre Ríos,salud,Ministerio de Salud de Entre Ríos,https://datos.entrerios.gov.ar/dataset/centros-de-salud,Descarga conservada del 10/10/2026: 212 registros legibles y una fila inconsistente excluida; atención y horario sin confirmar,"Nombres, teléfonos y domicilios para georreferenciación local"
Hospitales Entre Ríos,Entre Ríos,salud,Ministerio de Salud de Entre Ríos,https://datos.entrerios.gov.ar/dataset/listado-de-hospitales-de-entre-rios,Descarga conservada del 10/10/2026: 65 registros; capacidad y guardia sin confirmar,Red hospitalaria y contactos para derivación
Centros de evacuación Vera 2025,"Vera, Santa Fe",refugio,Municipio/Provincia de Santa Fe,https://www.santafe.gob.ar/noticias/noticia/283139/,"Antecedente histórico; habilitación, capacidad y suero actuales sin confirmar","Cuatro centros usados el 27/05/2025: Hospital Regional, CAPS San Martín de Porres, Club Huracán y Gimnasia Fútbol Club"
Operativo norte Santa Fe 2024,Vera · Reconquista · Malabrigo,caminos/drenaje/refugios,Gobierno de Santa Fe,https://www.santafe.gob.ar/noticias/noticia/279557/,"Antecedente operativo; caminos, refugios y capacidades actuales sin confirmar","Documenta bases, caminos rurales, canales y alcantarillas relevados durante la emergencia"
