evento_id,grupo_evento,fecha_evento,inicializacion_utc,emision,indice,indice_parcial,tipo_emision,disponibilidad_confirmada,estado,fuente_pronostico,nota,localidad_calculo,fuente_antecedentes,fecha_descarga,sha256_corrida,sha256_antecedentes
2025-05-27-vera-run-2025-05-24,2025-05-27-vera,2025-05-27,2025-05-24T00:00:00+00:00,2025-05-24T03:00:00-03:00,,25.2,corte_reconstruido,no,incompleto_sin_escorrentia_antecedente,https://single-runs-api.open-meteo.com/v1/forecast,"Valor parcial de la versión anterior, no índice completo: faltan 72 h de escorrentía antecedente. Corte supuesto +6 h. Un único episodio: Vera 2025.",,,,,
2025-05-27-vera-run-2025-05-25,2025-05-27-vera,2025-05-27,2025-05-25T00:00:00+00:00,2025-05-25T03:00:00-03:00,,27.2,corte_reconstruido,no,incompleto_sin_escorrentia_antecedente,https://single-runs-api.open-meteo.com/v1/forecast,"Valor parcial de la versión anterior, no índice completo: faltan 72 h de escorrentía antecedente. Corte supuesto +6 h. Un único episodio: Vera 2025.",,,,,
2025-05-27-vera-run-2025-05-26,2025-05-27-vera,2025-05-27,2025-05-26T00:00:00+00:00,2025-05-26T03:00:00-03:00,,44.3,corte_reconstruido,no,incompleto_sin_escorrentia_antecedente,https://single-runs-api.open-meteo.com/v1/forecast,"Valor parcial de la versión anterior, no índice completo: faltan 72 h de escorrentía antecedente. Corte supuesto +6 h. Un único episodio: Vera 2025.",,,,,
2016-04-concordia,2016-04-concordia,2016-04,,,,,,no,fuera_del_archivo_o_fecha_incompleta,,Sin índice: el archivo HRES Single Runs comienza el 14/03/2024. Las fechas mensuales necesitan una ventana puntual.,,,,,
2023-09-01-ituzaingo,2023-09-01-ituzaingo,2023-09-01,,,,,,no,fuera_del_archivo_o_fecha_incompleta,,Sin índice: el archivo HRES Single Runs comienza el 14/03/2024. Las fechas mensuales necesitan una ventana puntual.,,,,,
2023-11-litoral-norte,2023-11-litoral-norte,2023-11,,,,,,no,fuera_del_archivo_o_fecha_incompleta,,Sin índice: el archivo HRES Single Runs comienza el 14/03/2024. Las fechas mensuales necesitan una ventana puntual.,,,,,
2024-01-11-vera-reconquista,2024-01-11-vera-reconquista,2024-01-11,,,,,,no,fuera_del_archivo_o_fecha_incompleta,,Sin índice: el archivo HRES Single Runs comienza el 14/03/2024. Las fechas mensuales necesitan una ventana puntual.,,,,,
2024-03-03-corrientes,2024-03-03-corrientes,2024-03-03,,,,,,no,fuera_del_archivo_o_fecha_incompleta,,Sin índice: el archivo HRES Single Runs comienza el 14/03/2024. Las fechas mensuales necesitan una ventana puntual.,,,,,
2024-03-20-gualeguaychu-santafe,2024-03-20-gualeguaychu-santafe,2024-03-20,2024-03-19T00:00:00+00:00,2024-03-19T03:00:00-03:00,,,corte_reconstruido,no,descargado_incompleto_sin_escorrentia,https://single-runs-api.open-meteo.com/v1/forecast?latitude=-33.01&longitude=-58.517&models=ecmwf_ifs&hourly=precipitation%2Crunoff%2Csoil_moisture_0_to_7cm%2Csoil_moisture_7_to_28cm%2Csoil_moisture_28_to_100cm%2Csoil_moisture_100_to_255cm&timezone=America%2FArgentina%2FBuenos_Aires&precipitation_unit=mm&cell_selection=land&run=2024-03-19T00%3A00&forecast_days=5,Cobertura insuficiente de runoff: se necesitan 72 horas válidas.,Gualeguaychú,https://historical-forecast-api.open-meteo.com/v1/forecast?latitude=-33.01&longitude=-58.517&models=ecmwf_ifs&hourly=precipitation%2Crunoff%2Csoil_moisture_0_to_7cm%2Csoil_moisture_7_to_28cm%2Csoil_moisture_28_to_100cm%2Csoil_moisture_100_to_255cm&timezone=America%2FArgentina%2FBuenos_Aires&precipitation_unit=mm&cell_selection=land&start_date=2024-03-12&end_date=2024-03-19,2026-10-10,761e5e3d484eaa4c0eeedd5847c32271670ef6ba9f36448d41a43db1a67efcaa,9126e612efb93aac7fa804a39fff2b7978b0aada36d3d2536943e13d62ba873f
2020-11-norte-santa-fe,2020-11-norte-santa-fe,2020-11,,,,,,no,fuera_del_archivo_o_fecha_incompleta,,Sin índice: el archivo HRES Single Runs comienza el 14/03/2024. Las fechas mensuales necesitan una ventana puntual.,,,,,
control_negativo_01,control_negativo_01,2026-10-08,2026-10-07T00:00:00+00:00,2026-10-07T03:00:00-03:00,,,corte_reconstruido,no,descargado_incompleto_sin_escorrentia,https://single-runs-api.open-meteo.com/v1/forecast?latitude=-27.469&longitude=-58.83&models=ecmwf_ifs&hourly=precipitation%2Crunoff%2Csoil_moisture_0_to_7cm%2Csoil_moisture_7_to_28cm%2Csoil_moisture_28_to_100cm%2Csoil_moisture_100_to_255cm&timezone=America%2FArgentina%2FBuenos_Aires&precipitation_unit=mm&cell_selection=land&run=2026-10-07T00%3A00&forecast_days=5,Cobertura insuficiente de runoff: se necesitan 72 horas válidas.,Corrientes,https://historical-forecast-api.open-meteo.com/v1/forecast?latitude=-27.469&longitude=-58.83&models=ecmwf_ifs&hourly=precipitation%2Crunoff%2Csoil_moisture_0_to_7cm%2Csoil_moisture_7_to_28cm%2Csoil_moisture_28_to_100cm%2Csoil_moisture_100_to_255cm&timezone=America%2FArgentina%2FBuenos_Aires&precipitation_unit=mm&cell_selection=land&start_date=2026-09-30&end_date=2026-10-07,2026-10-10,75c0e764292f1d7cba118a0268ad3e8b833be92f7db4f066830122fb44a3a14c,27ba548bdb371d28766c6a22d6ce2f45da65d2c27b3549ccabd126783a92642c
control_negativo_02,control_negativo_02,2018-03-24,,,,,,no,fuera_del_archivo_o_fecha_incompleta,,Sin índice: el archivo HRES Single Runs comienza el 14/03/2024. Las fechas mensuales necesitan una ventana puntual.,,,,,
control_negativo_03,control_negativo_03,2018-05-05,,,,,,no,fuera_del_archivo_o_fecha_incompleta,,Sin índice: el archivo HRES Single Runs comienza el 14/03/2024. Las fechas mensuales necesitan una ventana puntual.,,,,,
control_negativo_04,control_negativo_04,2021-03-25,,,,,,no,fuera_del_archivo_o_fecha_incompleta,,Sin índice: el archivo HRES Single Runs comienza el 14/03/2024. Las fechas mensuales necesitan una ventana puntual.,,,,,
